{"mean": [250.2075, 316.705, 107.2075, 3.1175, 3.36125, 3.46625, 8.561249998807908, 0.56], "scale": [143.74141520017818, 11.122408686970642, 6.078194119144271, 1.1483439162550557, 0.9975587388720526, 0.9444500714701636, 0.610906223614755, 0.49638694583963355], "feature_names": null}